,0
0,"Pakistan's stagnation is that Pakistan does not confront Israel, it calls Palestine Ocouped Palestine"
1,"This was not shown in Mathura, when Mulul killed the Hindu because he had taken the money of Lasse."
2,"Recognized Prime Minister Mr. Narendra Modi ji, heartfelt congratulations on becoming Prime Minister"
3,Krishna Jab is running in full trend
4,"In the Lok Sabha, he was only voting for Modi and not in any manner"
5,Bhosdike you will remain the same
6,Love U Bhijjan Father Son Bharat Iyan Bharat Bharatiyasid Best Pick Fram Entaire Promotions Mashllah
7,"You are Ab Dimagh, not Isia is made Google as his Dimagh, everyone is your Tad"
8,Nolo Venie Akre O singing thirty weekends
9,Aimem Lage Raho Muli Ture Issi Quran tearing knowledge
10,Omar Muhammapti Pakhtun's battle is not the battle of Punjab
11,"These people can never be of this country, they are traitors with them hard, hard"
12,Saf baby e sorry e sorry
13,"People of real life have given thieves, I was an Elarie who was a snake"
14,Look at Mohsin Dawartweits and kill something by kill
15,"Some media channels are seeing that there are many types of criminal cases on them, Sharm on Thirty Lip of Media Channel"
16,"Abe, I know that Ammi Mata Chhuda Basak Graharam Stan was killed by the stain"
17,Well fodder thief disciple thirty news is old
18,"Without Twitter, your fasting is not possible, stop imposing your pussy on others, brother"
19,Oh haha the solder is reading American Gods Hardy Har Har Her Think for Reminding Ereon of Eur Odar Clesturfak
20,"In Mp, there is another video of Govat Kamal Nath, in which your peacemaker brother is a Dukandar"
